------------------------------Change time setting-----------------------------
SET datestyle TO "ISO, YMD";
SET timezone TO +00;
SET intervalstyle to "postgres";
------------------------------BasicFeature1_t_max_range-----------------------------
-- Testcase 1:
SELECT * FROM griddb_max_range ORDER BY griddb_max_range.*;
     c1      |  c2  |   c3   | c4 |          c5          |    c6     |     c7     |           c8            |    c9     |         c10         |             c11             |                       c12                       |                          c13                          |                    c14                    |                     c15                      |                                                c16                                                | __spd_url 
-------------+------+--------+----+----------------------+-----------+------------+-------------------------+-----------+---------------------+-----------------------------+-------------------------------------------------+-------------------------------------------------------+-------------------------------------------+----------------------------------------------+---------------------------------------------------------------------------------------------------+-----------
 -2147483648 | -128 | -32768 | f  | -9223372036854775808 |   3.4e+38 |  1.79e+308 | 9999-12-31 23:59:59     | {t,f,t,f} | {-127,126,-100,100} | {2000,-2000,2000,-2000}     | {40000,-40000,4000,-4000}                       | {9223372036854775806,-9223372036854775806,6000,-6000} | {-6000.231,6000.452,20000.121,-20000.322} | {-50.5,-51.5,-52.5,-53.5}                    | {"2020-01-07 01:00:00","2020-01-08 01:00:00","2020-01-07 01:00:00","2020-01-10 01:00:00"}         | /grid1/
 -2147483648 | -128 | -32768 | f  | -9223372036854775808 |   3.4e+38 |  1.79e+308 | 9999-12-31 23:59:59     | {t,f,t,f} | {-127,126,-100,100} | {2000,-2000,2000,-2000}     | {40000,-40000,4000,-4000}                       | {9223372036854775806,-9223372036854775806,6000,-6000} | {-6000.231,6000.452,20000.121,-20000.322} | {-50.5,-51.5,-52.5,-53.5}                    | {"2020-01-07 01:00:00","2020-01-08 01:00:00","2020-01-07 01:00:00","2020-01-10 01:00:00"}         | /grid2/
 -2147483647 | -127 | -32767 | f  | -9223372036854775807 | -3.39e+38 |  1.78e+308 | 9999-12-31 23:59:58.999 | {t,f,t,f} | {30,40,50,-60}      | {4000,-4000,4000,-4000}     | {50000,-50000,5000,-5000}                       | {70000,-70000,7000,-7000}                             | {-8000.525,8000.765,80000.51,-80000.53}   | {-30.5,-31.5,-32.5,-33.5}                    | {"2020-01-10 01:00:00","2020-01-08 01:00:00","2020-01-10 01:00:00","2020-01-10 01:00:00"}         | /grid1/
 -2147483647 | -127 | -32767 | f  | -9223372036854775807 | -3.39e+38 |  1.78e+308 | 9999-12-31 23:59:58.999 | {t,f,t,f} | {30,40,50,-60}      | {4000,-4000,4000,-4000}     | {50000,-50000,5000,-5000}                       | {70000,-70000,7000,-7000}                             | {-8000.525,8000.765,80000.51,-80000.53}   | {-30.5,-31.5,-32.5,-33.5}                    | {"2020-01-10 01:00:00","2020-01-08 01:00:00","2020-01-10 01:00:00","2020-01-10 01:00:00"}         | /grid2/
  2147483646 |  126 |  32766 | t  |  9223372036854775806 |  3.39e+38 | -1.78e+308 | 1970-01-01 00:00:00.001 | {t,f,t,f} | {20,30,40,-50}      | {3000,-3000,3000,-3000}     | {50000,-50000,5000,-5000}                       | {60000,-60000,6000,-6000}                             | {-7000.623,7000.456,70000.22,-70000.125}  | {-40.5,-41.5,-42.5,-43.5}                    | {"2020-01-08 01:00:00","2020-01-08 01:00:00","2020-01-08 01:00:00","2020-01-10 01:00:00"}         | /grid1/
  2147483646 |  126 |  32766 | t  |  9223372036854775806 |  3.39e+38 | -1.78e+308 | 1970-01-01 00:00:00.001 | {t,f,t,f} | {20,30,40,-50}      | {3000,-3000,3000,-3000}     | {50000,-50000,5000,-5000}                       | {60000,-60000,6000,-6000}                             | {-7000.623,7000.456,70000.22,-70000.125}  | {-40.5,-41.5,-42.5,-43.5}                    | {"2020-01-08 01:00:00","2020-01-08 01:00:00","2020-01-08 01:00:00","2020-01-10 01:00:00"}         | /grid2/
  2147483647 |  127 |  32767 | t  |  9223372036854775807 |  -3.4e+38 | -1.79e+308 | 1970-01-01 00:00:00     | {t,f,t,f} | {-128,127,-10,10}   | {32767,-32768,32766,-32767} | {2147483647,-2147483648,2147483646,-2147483647} | {9223372036854775807,-9223372036854775808,1,2}        | {3.4e+38,-3.4e+38,-3.39e+38,3.39e+38}     | {-1.79e+308,1.79e+308,-1.78e+308,-1.78e+308} | {"1970-01-01 00:00:00","9999-12-31 23:59:59","1970-01-01 00:00:00.001","9999-12-31 23:59:58.999"} | /grid1/
  2147483647 |  127 |  32767 | t  |  9223372036854775807 |  -3.4e+38 | -1.79e+308 | 1970-01-01 00:00:00     | {t,f,t,f} | {-128,127,-10,10}   | {32767,-32768,32766,-32767} | {2147483647,-2147483648,2147483646,-2147483647} | {9223372036854775807,-9223372036854775808,1,2}        | {3.4e+38,-3.4e+38,-3.39e+38,3.39e+38}     | {-1.79e+308,1.79e+308,-1.78e+308,-1.78e+308} | {"1970-01-01 00:00:00","9999-12-31 23:59:59","1970-01-01 00:00:00.001","9999-12-31 23:59:58.999"} | /grid2/
(8 rows)

-- Testcase 2:
SELECT c11, c12, c13, c14, __spd_url FROM griddb_max_range ORDER BY 1, 2, 3, 4, 5;
             c11             |                       c12                       |                          c13                          |                    c14                    | __spd_url 
-----------------------------+-------------------------------------------------+-------------------------------------------------------+-------------------------------------------+-----------
 {2000,-2000,2000,-2000}     | {40000,-40000,4000,-4000}                       | {9223372036854775806,-9223372036854775806,6000,-6000} | {-6000.231,6000.452,20000.121,-20000.322} | /grid1/
 {2000,-2000,2000,-2000}     | {40000,-40000,4000,-4000}                       | {9223372036854775806,-9223372036854775806,6000,-6000} | {-6000.231,6000.452,20000.121,-20000.322} | /grid2/
 {3000,-3000,3000,-3000}     | {50000,-50000,5000,-5000}                       | {60000,-60000,6000,-6000}                             | {-7000.623,7000.456,70000.22,-70000.125}  | /grid1/
 {3000,-3000,3000,-3000}     | {50000,-50000,5000,-5000}                       | {60000,-60000,6000,-6000}                             | {-7000.623,7000.456,70000.22,-70000.125}  | /grid2/
 {4000,-4000,4000,-4000}     | {50000,-50000,5000,-5000}                       | {70000,-70000,7000,-7000}                             | {-8000.525,8000.765,80000.51,-80000.53}   | /grid1/
 {4000,-4000,4000,-4000}     | {50000,-50000,5000,-5000}                       | {70000,-70000,7000,-7000}                             | {-8000.525,8000.765,80000.51,-80000.53}   | /grid2/
 {32767,-32768,32766,-32767} | {2147483647,-2147483648,2147483646,-2147483647} | {9223372036854775807,-9223372036854775808,1,2}        | {3.4e+38,-3.4e+38,-3.39e+38,3.39e+38}     | /grid1/
 {32767,-32768,32766,-32767} | {2147483647,-2147483648,2147483646,-2147483647} | {9223372036854775807,-9223372036854775808,1,2}        | {3.4e+38,-3.4e+38,-3.39e+38,3.39e+38}     | /grid2/
(8 rows)

-- Testcase 3:
SELECT max(c10), max(c2)/2, max(c3)*2 FROM griddb_max_range;
      max       | ?column? | ?column? 
----------------+----------+----------
 {30,40,50,-60} |       63 |    65534
(1 row)

-- Testcase 4:
SELECT min(c11), min(c7+0), min(c5) FROM griddb_max_range;
           min           |    min     |         min          
-------------------------+------------+----------------------
 {2000,-2000,2000,-2000} | -1.79e+308 | -9223372036854775808
(1 row)

-- Testcase 5:
SELECT sum(c2), sum(c3)-5, sum(c5*1) FROM griddb_max_range;
 sum | ?column? | sum 
-----+----------+-----
  -4 |       -9 |  -4
(1 row)

-- Testcase 6:
SELECT avg(c1), avg(c2)/avg(c3), avg(c6)+avg(c5) FROM griddb_max_range;
           avg           |        ?column?        | ?column? 
-------------------------+------------------------+----------
 -0.50000000000000000000 | 1.00000000000000000000 |     -0.5
(1 row)

-- Testcase 7:
SELECT max(c6)-avg(c7), min(c3-0)+sum(c5/1) FROM griddb_max_range;
ERROR:  value out of range: overflow
-- Testcase 8:
SELECT stddev(c3), array_agg(c6 ORDER BY c6), every(c1!=3422) FROM griddb_max_range;
     stddev     |                                 array_agg                                 | every 
----------------+---------------------------------------------------------------------------+-------
 35029.39645906 | {-3.4e+38,-3.4e+38,-3.39e+38,-3.39e+38,3.39e+38,3.39e+38,3.4e+38,3.4e+38} | t
(1 row)

-- Testcase 9:
SELECT bit_and(c3), bit_or(c2), bool_and(c1>0), bool_or(c1!=c2) FROM griddb_max_range;
 bit_and | bit_or | bool_and | bool_or 
---------+--------+----------+---------
       0 |     -1 | f        | t
(1 row)

-- Testcase 10:
SELECT c15, max(c5), count(*), exists (SELECT max(c5) FROM griddb_max_range WHERE c1!=c7) FROM griddb_max_range GROUP BY c15 ORDER BY 1, 2, 3;
                     c15                      |         max          | count | exists 
----------------------------------------------+----------------------+-------+--------
 {-1.79e+308,1.79e+308,-1.78e+308,-1.78e+308} |  9223372036854775807 |     2 | t
 {-50.5,-51.5,-52.5,-53.5}                    | -9223372036854775808 |     2 | t
 {-40.5,-41.5,-42.5,-43.5}                    |  9223372036854775806 |     2 | t
 {-30.5,-31.5,-32.5,-33.5}                    | -9223372036854775807 |     2 | t
(4 rows)

-- Testcase 11:
SELECT sum(c5) filter( WHERE c2<1000) FROM griddb_max_range;
 sum 
-----
  -4
(1 row)

-- Testcase 12:
SELECT '#%$#!12312fvdfs', c4,  c1*(random()<=1)::int, __spd_url, sqrt(abs(c5)) FROM griddb_max_range;
ERROR:  bigint out of range
-- Testcase 13:
SELECT min(c1*20) FROM griddb_max_range;
ERROR:  integer out of range
-- Testcase 14:
SELECT avg(c3+c2+c5) FROM griddb_max_range;
ERROR:  smallint out of range
-- Testcase 15:
SELECT sum(c6*c3) FROM griddb_max_range;
           sum           
-------------------------
 -1.3242651416567814e+41
(1 row)

-- Testcase 16:
SELECT max(c8+'1 year'::interval) FROM griddb_max_range;
         max          
----------------------
 10000-12-31 23:59:59
(1 row)

-- Testcase 17:
SELECT c7*c7 FROM griddb_max_range ORDER BY 1;
ERROR:  value out of range: overflow
-- Testcase 18:
SELECT * FROM mysql_max_range ORDER BY mysql_max_range.*;
  c1  |   c2   |    c3    |     c4      |          c5          |      c6      |            c7            |            c8            |     c9     |   c10    |         c11         |         c12         | __spd_url 
------+--------+----------+-------------+----------------------+--------------+--------------------------+--------------------------+------------+----------+---------------------+---------------------+-----------
 -128 | -32768 | -8388608 | -2147483648 | -9223372036854775808 | -3.40282e+38 | -1.7976931348623157e+308 | -1.7976931348623157e+308 | 1000-01-01 | 24:00:00 | 1000-01-01 00:00:00 | 1969-12-31 19:00:01 | /mysql1/
 -128 | -32768 | -8388608 | -2147483648 | -9223372036854775808 | -3.40282e+38 | -1.7976931348623157e+308 | -1.7976931348623157e+308 | 1000-01-01 |          | 1000-01-01 00:00:00 | 1969-12-31 19:00:01 | /mysql1/
 -128 | -32768 | -8388608 | -2147483648 | -9223372036854775808 |              | -1.7976931348623157e+308 | -1.7976931348623157e+308 | 1000-01-01 | 24:00:00 | 1000-01-01 00:00:00 | 1969-12-31 19:00:01 | /mysql1/
 -128 |        | -8388608 | -2147483648 | -9223372036854775808 | -3.40282e+38 | -1.7976931348623157e+308 | -1.7976931348623157e+308 | 1000-01-01 | 24:00:00 | 1000-01-01 00:00:00 | 1969-12-31 19:00:01 | /mysql1/
 -127 | -32767 | -8388607 | -2147483647 | -9223372036854775807 | -3.40282e+38 | -1.7976931348623155e+308 | -1.7976931348623155e+308 | 1000-01-02 | 03:19:58 | 1000-01-01 00:00:01 | 1969-12-31 19:00:02 | /mysql1/
 -127 | -32767 | -8388607 | -2147483647 | -9223372036854775807 | -3.40282e+38 | -1.7976931348623155e+308 | -1.7976931348623155e+308 | 1000-01-02 | 03:19:58 | 1000-01-01 00:00:01 |                     | /mysql1/
 -127 | -32767 | -8388607 | -2147483647 | -9223372036854775807 | -3.40282e+38 | -1.7976931348623155e+308 |                          | 1000-01-02 | 03:19:58 | 1000-01-01 00:00:01 | 1969-12-31 19:00:02 | /mysql1/
 -127 | -32767 | -8388607 |             | -9223372036854775807 | -3.40282e+38 | -1.7976931348623155e+308 | -1.7976931348623155e+308 | 1000-01-02 | 03:19:58 | 1000-01-01 00:00:01 | 1969-12-31 19:00:02 | /mysql1/
 -127 | -32767 |          | -2147483647 |                      | -3.40282e+38 | -1.7976931348623155e+308 |                          |            | 03:19:58 | 1000-01-01 00:00:01 | 1969-12-31 19:00:02 | /mysql1/
  126 |  32766 |  8388606 |  2147483646 |  9223372036854775806 | -1.17549e-38 | -2.2250738585072014e-308 | -2.2250738585072014e-308 | 9999-12-30 | 02:09:59 | 9999-12-31 23:59:58 | 2038-01-18 22:14:06 | /mysql1/
  126 |  32766 |  8388606 |  2147483646 |  9223372036854775806 | -1.17549e-38 | -2.2250738585072014e-308 | -2.2250738585072014e-308 | 9999-12-30 | 02:09:59 |                     | 2038-01-18 22:14:06 | /mysql1/
  126 |  32766 |  8388606 |  2147483646 |  9223372036854775806 | -1.17549e-38 |                          | -2.2250738585072014e-308 | 9999-12-30 | 02:09:59 | 9999-12-31 23:59:58 | 2038-01-18 22:14:06 | /mysql1/
  126 |  32766 |          |  2147483646 |  9223372036854775806 | -1.17549e-38 | -2.2250738585072014e-308 | -2.2250738585072014e-308 | 9999-12-30 | 02:09:59 | 9999-12-31 23:59:58 | 2038-01-18 22:14:06 | /mysql1/
  126 |  32766 |          |  2147483646 |  9223372036854775806 | -1.17549e-38 |                          | -2.2250738585072014e-308 | 9999-12-30 |          | 9999-12-31 23:59:58 | 2038-01-18 22:14:06 | /mysql1/
  127 |  32767 |  8388607 |  2147483647 |  9223372036854775807 | -1.17549e-38 | -2.2250738585072014e-308 | -2.2250738585072014e-308 | 9999-12-31 | 00:00:00 | 9999-12-31 23:59:59 | 2038-01-18 22:14:07 | /mysql1/
  127 |  32767 |  8388607 |  2147483647 |  9223372036854775807 | -1.17549e-38 | -2.2250738585072014e-308 | -2.2250738585072014e-308 |            | 00:00:00 | 9999-12-31 23:59:59 | 2038-01-18 22:14:07 | /mysql1/
  127 |  32767 |  8388607 |  2147483647 |                      | -1.17549e-38 | -2.2250738585072014e-308 | -2.2250738585072014e-308 | 9999-12-31 | 00:00:00 | 9999-12-31 23:59:59 | 2038-01-18 22:14:07 | /mysql1/
      | -32768 | -8388608 | -2147483648 | -9223372036854775808 |              | -1.7976931348623157e+308 | -1.7976931348623157e+308 | 1000-01-01 |          |                     | 1969-12-31 19:00:01 | /mysql1/
      |  32767 |  8388607 |  2147483647 |  9223372036854775807 | -1.17549e-38 | -2.2250738585072014e-308 | -2.2250738585072014e-308 | 9999-12-31 | 00:00:00 | 9999-12-31 23:59:59 | 2038-01-18 22:14:07 | /mysql1/
      |  32767 |          |  2147483647 |                      | -1.17549e-38 | -2.2250738585072014e-308 |                          | 9999-12-31 | 00:00:00 | 9999-12-31 23:59:59 |                     | /mysql1/
(20 rows)

-- Testcase 19:
SELECT c1, c2, c3, c4, __spd_url FROM mysql_max_range ORDER BY 1, 2, 3, 4, 5;
  c1  |   c2   |    c3    |     c4      | __spd_url 
------+--------+----------+-------------+-----------
 -128 | -32768 | -8388608 | -2147483648 | /mysql1/
 -128 | -32768 | -8388608 | -2147483648 | /mysql1/
 -128 | -32768 | -8388608 | -2147483648 | /mysql1/
 -128 |        | -8388608 | -2147483648 | /mysql1/
 -127 | -32767 | -8388607 | -2147483647 | /mysql1/
 -127 | -32767 | -8388607 | -2147483647 | /mysql1/
 -127 | -32767 | -8388607 | -2147483647 | /mysql1/
 -127 | -32767 | -8388607 |             | /mysql1/
 -127 | -32767 |          | -2147483647 | /mysql1/
  126 |  32766 |  8388606 |  2147483646 | /mysql1/
  126 |  32766 |  8388606 |  2147483646 | /mysql1/
  126 |  32766 |  8388606 |  2147483646 | /mysql1/
  126 |  32766 |          |  2147483646 | /mysql1/
  126 |  32766 |          |  2147483646 | /mysql1/
  127 |  32767 |  8388607 |  2147483647 | /mysql1/
  127 |  32767 |  8388607 |  2147483647 | /mysql1/
  127 |  32767 |  8388607 |  2147483647 | /mysql1/
      | -32768 | -8388608 | -2147483648 | /mysql1/
      |  32767 |  8388607 |  2147483647 | /mysql1/
      |  32767 |          |  2147483647 | /mysql1/
(20 rows)

-- Testcase 20:
SELECT max(c1), max(c2)-5, max(c3)*2 FROM mysql_max_range;
 max | ?column? | ?column? 
-----+----------+----------
 127 |    32762 | 16777214
(1 row)

-- Testcase 21:
SELECT min(c6), min(c7)+ 5, min(c8)/2 FROM mysql_max_range;
     min      |         ?column?         |        ?column?         
--------------+--------------------------+-------------------------
 -3.40282e+38 | -1.7976931348623157e+308 | -8.988465674311579e+307
(1 row)

-- Testcase 22:
SELECT sum(c1), sum(c4+0), sum(c5*1) FROM mysql_max_range; 
 sum  |    sum     |         sum          
------+------------+----------------------
 -136 | 2147483637 | -9223372036854775817
(1 row)

-- Testcase 23:
SELECT avg(c1), avg(c2)-avg(c3), avg(c4)+avg(c5) FROM mysql_max_range;
         avg         |         ?column?         |           ?column?           
---------------------+--------------------------+------------------------------
 -8.0000000000000000 | 1050300.4802631578947368 | -542551296172549593.42105263
(1 row)

-- Testcase 24:
SELECT max(c2)/avg(c2), min(c3)-sum(c4) FROM mysql_max_range;
      ?column?       |  ?column?   
---------------------+-------------
 19.0052200989071372 | -2155872245
(1 row)

-- Testcase 25:
SELECT stddev(c3), array_agg(c4), every(c9 != '9999-12-30') FROM mysql_max_range;
    stddev    |                                                                                                            array_agg                                                                                                             | every 
--------------+----------------------------------------------------------------------------------------------------------------------------------------------------------------------------------------------------------------------------------+-------
 8595764.3575 | {2147483647,-2147483648,2147483646,-2147483647,2147483647,-2147483648,2147483646,NULL,2147483647,-2147483648,2147483646,-2147483647,2147483647,-2147483648,2147483646,-2147483647,2147483647,-2147483648,2147483646,-2147483647} | f
(1 row)

-- Testcase 26:
SELECT bit_and(c3), bit_or(c2), bool_and(c1>=0), bool_or(c1 != c2) FROM mysql_max_range;
 bit_and | bit_or | bool_and | bool_or 
---------+--------+----------+---------
       0 |     -1 | f        | t
(1 row)

-- Testcase 27:
SELECT c10, max(c5), count(*), exists ( SELECT max(c5) FROM mysql_max_range WHERE c1 != c4) FROM mysql_max_range GROUP BY c10 ORDER BY 1, 2, 3;
   c10    |         max          | count | exists 
----------+----------------------+-------+--------
 00:00:00 |  9223372036854775807 |     5 | t
 02:09:59 |  9223372036854775806 |     4 | t
 03:19:58 | -9223372036854775807 |     5 | t
 24:00:00 | -9223372036854775808 |     3 | t
          |  9223372036854775806 |     3 | t
(5 rows)

-- Testcase 28:
SELECT sum(c4) filter( WHERE c12>'2021-03-18 23:14:07' AND c4<1000) FROM mysql_max_range;
 sum 
-----
    
(1 row)

-- Testcase 29:
SELECT c12, 'NEWYORK', c1* (random()<=1)::int, __spd_url, sqrt(abs(c5)) FROM mysql_max_range;
ERROR:  bigint out of range
-- Testcase 30:
SELECT max(c2*2) FROM mysql_max_range;
  max  
-------
 65534
(1 row)

-- Testcase 31:
SELECT avg(c3+c2) FROM mysql_max_range;
         avg          
----------------------
 -561425.866666666667
(1 row)

-- Testcase 32:
SELECT sum(c4*c3) FROM mysql_max_range;
ERROR:  integer out of range
-- Testcase 33:
SELECT min(c11+'1 year'::interval) FROM mysql_max_range;
         min         
---------------------
 1001-01-01 00:00:00
(1 row)

-- Testcase 34:
SELECT c1*c1, c2 FROM mysql_max_range ORDER BY 1, 2;
 ?column? |   c2   
----------+--------
    15876 |  32766
    15876 |  32766
    15876 |  32766
    15876 |  32766
    15876 |  32766
    16129 | -32767
    16129 | -32767
    16129 | -32767
    16129 | -32767
    16129 | -32767
    16129 |  32767
    16129 |  32767
    16129 |  32767
    16384 | -32768
    16384 | -32768
    16384 | -32768
    16384 |       
          | -32768
          |  32767
          |  32767
(20 rows)

-- Testcase 35:
SELECT * FROM tinybrace_max_range ORDER BY tinybrace_max_range.*;
     c1      |  c2  |   c3   |    c4    |          c5          |          c6          |          c7          |    c8     |            c9            |           c10            |           c11            |    c12     |         c13         |  __spd_url   
-------------+------+--------+----------+----------------------+----------------------+----------------------+-----------+--------------------------+--------------------------+--------------------------+------------+---------------------+--------------
 -2147483648 | -128 | -32768 | -8388608 | -9223372036854775808 |                    0 | -9223372036854775808 |  -3.4e+38 | -1.7976900000000007e+308 | -1.7976900000000007e+308 | -1.7900000000000008e+308 | 0001-01-01 | 1000-01-01 00:00:00 | /tinybrace1/
 -2147483648 | -128 | -32768 | -8388608 | -9223372036854775808 |                    0 | -9223372036854775808 |  -3.4e+38 | -1.7976900000000007e+308 |                          | -1.7900000000000008e+308 | 0001-01-01 | 0001-01-01 00:00:00 | /tinybrace1/
 -2147483648 | -128 | -32768 | -8388608 | -9223372036854775808 |                      | -9223372036854775808 |  -3.4e+38 | -1.7976900000000007e+308 | -1.7976900000000007e+308 | -1.7900000000000008e+308 | 0001-01-01 | 0001-01-01 00:00:00 | /tinybrace1/
 -2147483648 | -128 | -32768 |          | -9223372036854775808 |                      |                      |  -3.4e+38 | -1.7976900000000007e+308 |                          | -1.7900000000000008e+308 | 0001-01-01 |                     | /tinybrace1/
 -2147483648 |      | -32768 | -8388608 | -9223372036854775808 |                    0 | -9223372036854775808 |  -3.4e+38 | -1.7976900000000007e+308 | -1.7976900000000007e+308 | -1.7900000000000008e+308 | 0001-01-01 | 0001-01-01 00:00:00 | /tinybrace1/
 -2147483647 | -127 | -32767 | -8388607 | -9223372036854775807 |                    1 | -9223372036854775807 | -3.39e+38 | -1.7976800000000007e+308 | -1.7976800000000007e+308 | -1.7800000000000008e+308 | 0001-01-02 | 1000-01-01 00:00:01 | /tinybrace1/
 -2147483647 | -127 | -32767 | -8388607 | -9223372036854775807 |                    1 | -9223372036854775807 | -3.39e+38 | -1.7976800000000007e+308 | -1.7976800000000007e+308 | -1.7800000000000008e+308 |            | 0001-01-01 00:00:01 | /tinybrace1/
 -2147483647 | -127 | -32767 | -8388607 | -9223372036854775807 |                    1 | -9223372036854775807 |           | -1.7976800000000007e+308 | -1.7976800000000007e+308 | -1.7800000000000008e+308 | 0001-01-02 | 0001-01-01 00:00:01 | /tinybrace1/
 -2147483647 | -127 | -32767 |          | -9223372036854775807 |                    1 | -9223372036854775807 | -3.39e+38 | -1.7976800000000007e+308 | -1.7976800000000007e+308 | -1.7800000000000008e+308 | 0001-01-02 | 0001-01-01 00:00:01 | /tinybrace1/
 -2147483647 |      | -32767 | -8388607 |                      |                    1 | -9223372036854775807 | -3.39e+38 |                          | -1.7976800000000007e+308 | -1.7800000000000008e+308 |            | 0001-01-01 00:00:01 | /tinybrace1/
 -2147483647 |      | -32767 | -8388607 |                      |                    1 | -9223372036854775807 | -3.39e+38 |                          | -1.7976800000000007e+308 | -1.7800000000000008e+308 |            | 0001-01-01 00:00:01 | /tinybrace1/
  2147483646 |  126 |  32766 |  8388606 |  9223372036854775806 | -4327959241903046656 |  9223372036854775806 |  3.39e+38 |  1.7976800000000007e+308 |  1.7976800000000007e+308 |  1.7800000000000008e+308 | 9999-12-30 | 9999-12-31 23:59:58 | /tinybrace1/
  2147483646 |  126 |  32766 |  8388606 |  9223372036854775806 |  4895412794951729152 |  9223372036854775806 |  3.39e+38 |  1.7976800000000007e+308 |  1.7976800000000007e+308 |                          | 9999-12-30 | 9999-12-31 23:59:58 | /tinybrace1/
  2147483646 |  126 |  32766 |  8388606 |  9223372036854775806 |  4895412794951729152 |                      |  3.39e+38 |  1.7976800000000007e+308 |  1.7976800000000007e+308 |  1.7800000000000008e+308 | 9999-12-30 | 9999-12-31 23:59:58 | /tinybrace1/
  2147483646 |  126 |        |  8388606 |  9223372036854775806 |  4895412794951729152 |  9223372036854775806 |  3.39e+38 |  1.7976800000000007e+308 |  1.7976800000000007e+308 |  1.7800000000000008e+308 | 9999-12-30 | 9999-12-31 23:59:58 | /tinybrace1/
  2147483647 |  127 |  32767 |  8388607 |  9223372036854775807 |  4895412794951729152 |  9223372036854775807 |   3.4e+38 |  1.7976900000000007e+308 |  1.7976900000000007e+308 |  1.7900000000000008e+308 | 9999-12-31 | 9999-12-31 23:59:59 | /tinybrace1/
  2147483647 |  127 |  32767 |  8388607 |  9223372036854775807 |  4895412794951729152 |  9223372036854775807 |   3.4e+38 |                          |  1.7976900000000007e+308 |  1.7900000000000008e+308 | 9999-12-31 | 9999-12-31 23:59:59 | /tinybrace1/
  2147483647 |  127 |  32767 |  8388607 |                      |  4895412794951729152 |  9223372036854775807 |   3.4e+38 |  1.7976900000000007e+308 |  1.7976900000000007e+308 |  1.7900000000000008e+308 | 9999-12-31 | 9999-12-31 23:59:59 | /tinybrace1/
  2147483647 |  127 |  32767 |          |  9223372036854775807 |  4895412794951729152 |                      |   3.4e+38 |                          |  1.7976900000000007e+308 |                          | 9999-12-31 |                     | /tinybrace1/
             |  126 |  32766 |          |                      |                      |  9223372036854775806 |           |                          |  1.7976800000000007e+308 |                          | 9999-12-30 |                     | /tinybrace1/
             |  127 |  32767 |  8388607 |  9223372036854775807 |  4895412794951729152 |  9223372036854775807 |   3.4e+38 |  1.7976900000000007e+308 |  1.7976900000000007e+308 |  1.7900000000000008e+308 | 9999-12-31 | 9999-12-31 23:59:59 | /tinybrace1/
(21 rows)

-- Testcase 36:
SELECT c1, c2, __spd_url FROM tinybrace_max_range ORDER BY 1, 2, 3;
     c1      |  c2  |  __spd_url   
-------------+------+--------------
 -2147483648 | -128 | /tinybrace1/
 -2147483648 | -128 | /tinybrace1/
 -2147483648 | -128 | /tinybrace1/
 -2147483648 | -128 | /tinybrace1/
 -2147483648 |      | /tinybrace1/
 -2147483647 | -127 | /tinybrace1/
 -2147483647 | -127 | /tinybrace1/
 -2147483647 | -127 | /tinybrace1/
 -2147483647 | -127 | /tinybrace1/
 -2147483647 |      | /tinybrace1/
 -2147483647 |      | /tinybrace1/
  2147483646 |  126 | /tinybrace1/
  2147483646 |  126 | /tinybrace1/
  2147483646 |  126 | /tinybrace1/
  2147483646 |  126 | /tinybrace1/
  2147483647 |  127 | /tinybrace1/
  2147483647 |  127 | /tinybrace1/
  2147483647 |  127 | /tinybrace1/
  2147483647 |  127 | /tinybrace1/
             |  126 | /tinybrace1/
             |  127 | /tinybrace1/
(21 rows)

-- Testcase 37:
SELECT max(c1), max(c2)-50, max(c3)*3 FROM tinybrace_max_range;
    max     | ?column? | ?column? 
------------+----------+----------
 2147483647 |       77 |    98301
(1 row)

-- Testcase 38:
SELECT min(c6), min(c7)+100, min(c8)/3 FROM tinybrace_max_range;
         min          |       ?column?       |        ?column?         
----------------------+----------------------+-------------------------
 -4327959241903046656 | -9223372036854775708 | -1.1333333333333334e+38
(1 row)

-- Testcase 39:
SELECT sum(c10), sum(c4+0), sum(c5*1) FROM tinybrace_max_range; 
ERROR:  TBC_execute failed 6

ERROR:  PGSpider can not get data from child node : tinybrace1
-- Testcase 40:
SELECT avg(c1), avg(c2)-avg(c3), avg(c4)+avg(c5) FROM tinybrace_max_range; 
ERROR:  TBC_execute failed 6

ERROR:  PGSpider can not get data from child node : tinybrace1
-- Testcase 41:
SELECT min(c9)/avg(c10), min(c3)-sum(c4) FROM tinybrace_max_range; 
ERROR:  value out of range: underflow
-- Testcase 42:
SELECT stddev(c3), array_agg(c4), every(c12 != '1022-01-04') FROM tinybrace_max_range; 
     stddev     |                                                                               array_agg                                                                                | every 
----------------+------------------------------------------------------------------------------------------------------------------------------------------------------------------------+-------
 33449.72431682 | {8388607,-8388608,8388606,-8388607,8388607,-8388608,8388606,NULL,8388607,-8388608,8388606,-8388607,8388607,-8388608,8388606,-8388607,NULL,NULL,NULL,-8388607,-8388607} | t
(1 row)

-- Testcase 43:
SELECT bit_and(c3), bit_or(c2), bool_and(c1>46240), bool_or(c1 != c2) FROM tinybrace_max_range; 
 bit_and | bit_or | bool_and | bool_or 
---------+--------+----------+---------
       0 |     -1 | f        | t
(1 row)

-- Testcase 44:
SELECT count (DISTINCT c9), c12, sum(c5), exists (SELECT avg(c5) FROM t5 WHERE c1 != c4) FROM tinybrace_max_range GROUP BY c12 ORDER BY 1, 2, 3; 
 count |    c12     |          sum          | exists 
-------+------------+-----------------------+--------
     1 | 0001-01-01 | -46116860184273879040 | t
     1 | 0001-01-02 | -27670116110564327421 | t
     1 | 9999-12-30 |  36893488147419103224 | t
     1 | 9999-12-31 |  36893488147419103228 | t
     1 |            |  -9223372036854775807 | t
(5 rows)

-- Testcase 45:
SELECT sum(c4) filter( WHERE c13 != '2021-03-18 23:14:07') FROM tinybrace_max_range; 
   sum    
----------
 -8388615
(1 row)

-- Testcase 46:
SELECT c11, '1235@#$', c1* (random()<=1)::int, sqrt(abs(c3)) FROM tinybrace_max_range GROUP BY c1, c3, c11 ORDER BY 1, 2, 3, 4; 
           c11            | ?column? |  ?column?   |        sqrt        
--------------------------+----------+-------------+--------------------
 -1.7900000000000008e+308 | 1235@#$  | -2147483648 | 181.01933598375618
 -1.7800000000000008e+308 | 1235@#$  | -2147483647 | 181.01657382681842
  1.7800000000000008e+308 | 1235@#$  |  2147483646 | 181.01381162773188
  1.7800000000000008e+308 | 1235@#$  |  2147483646 |                   
  1.7900000000000008e+308 | 1235@#$  |  2147483647 | 181.01657382681842
  1.7900000000000008e+308 | 1235@#$  |             | 181.01657382681842
                          | 1235@#$  |  2147483646 | 181.01381162773188
                          | 1235@#$  |  2147483647 | 181.01657382681842
                          | 1235@#$  |             | 181.01381162773188
(9 rows)

-- Testcase 47:
SELECT max(c2*3) FROM tinybrace_max_range; 
 max 
-----
 381
(1 row)

-- Testcase 48:
SELECT avg(c3-c2) FROM tinybrace_max_range; 
 avg  
------
 1920
(1 row)

-- Testcase 49:
SELECT sum(c7*c8) FROM tinybrace_max_range; 
          sum           
------------------------
 5.0101356904195155e+58
(1 row)

-- Testcase 50:
SELECT min(c12+'1 year'::interval) FROM tinybrace_max_range; 
         min         
---------------------
 0002-01-01 00:00:00
(1 row)

-- Testcase 51:
SELECT c2*c2, c7 FROM tinybrace_max_range ORDER BY 1, 2;
 ?column? |          c7          
----------+----------------------
    15876 |  9223372036854775806
    15876 |  9223372036854775806
    15876 |  9223372036854775806
    15876 |  9223372036854775806
    15876 |                     
    16129 | -9223372036854775807
    16129 | -9223372036854775807
    16129 | -9223372036854775807
    16129 | -9223372036854775807
    16129 |  9223372036854775807
    16129 |  9223372036854775807
    16129 |  9223372036854775807
    16129 |  9223372036854775807
    16129 |                     
    16384 | -9223372036854775808
    16384 | -9223372036854775808
    16384 | -9223372036854775808
    16384 |                     
          | -9223372036854775808
          | -9223372036854775807
          | -9223372036854775807
(21 rows)

-- Testcase 52:
SELECT * FROM influx_max_range ORDER BY influx_max_range.*;
             time              |          c2          |     c3     | c4 | __spd_url 
-------------------------------+----------------------+------------+----+-----------
 1677-09-21 00:12:43.145224+00 | -9223372036854775808 |  1.79e+308 | t  | /influx1/
 1677-09-21 00:12:43.145224+00 | -9223372036854775807 |  1.78e+308 | f  | /influx1/
 2262-04-11 23:47:16.854776+00 |  9223372036854775806 | -1.78e+308 | f  | /influx1/
 2262-04-11 23:47:16.854776+00 |  9223372036854775807 | -1.79e+308 | f  | /influx1/
(4 rows)

-- Testcase 53:
SELECT __spd_url , c2 FROM influx_max_range ORDER BY 1, 2;
 __spd_url |          c2          
-----------+----------------------
 /influx1/ | -9223372036854775808
 /influx1/ | -9223372036854775807
 /influx1/ |  9223372036854775806
 /influx1/ |  9223372036854775807
(4 rows)

-- Testcase 54:
SELECT max(c3)*4 , max(c2)+500, max(c2)  FROM influx_max_range;
ERROR:  value out of range: overflow
-- Testcase 55:
SELECT min(c3), min(c2)-1000, min(c2)/4 FROM influx_max_range;
ERROR:  bigint out of range
-- Testcase 56:
SELECT sum(c2+0), sum(c3*1) FROM influx_max_range; 
ERROR:  value out of range: overflow
-- Testcase 57:
SELECT avg(c2)-avg(c3), avg(c3)+avg(c2) FROM influx_max_range; 
 ?column? | ?column? 
----------+----------
          |         
(1 row)

-- Testcase 58:
SELECT  sum(c2)-min(c3), avg(c3)/min(c2) FROM influx_max_range; 
 ?column?  | ?column? 
-----------+----------
 1.79e+308 |         
(1 row)

-- Testcase 59:
SELECT stddev(c2), array_agg(c3), every(c4 != FALSE) FROM influx_max_range; 
        stddev        |                  array_agg                  | every 
----------------------+---------------------------------------------+-------
 10650232656628343400 | {1.79e+308,1.78e+308,-1.78e+308,-1.79e+308} | f
(1 row)

-- Testcase 60:
SELECT bit_and(c2), bit_or(c2), bool_and(c3>136), bool_or(c3 != c2) FROM influx_max_range; 
 bit_and | bit_or | bool_and | bool_or 
---------+--------+----------+---------
       0 |     -1 | f        | t
(1 row)

-- Testcase 61:
SELECT count (ALL c4), c2, avg(c3), exists (SELECT * FROM  influx_max_range WHERE c3<c2) FROM influx_max_range GROUP BY c2 ORDER BY 1, 2, 3; 
 count |          c2          |    avg     | exists 
-------+----------------------+------------+--------
     1 | -9223372036854775808 |  1.79e+308 | t
     1 | -9223372036854775807 |  1.78e+308 | t
     1 |  9223372036854775806 | -1.78e+308 | t
     1 |  9223372036854775807 | -1.79e+308 | t
(4 rows)

-- Testcase 62:
SELECT sum(c2) filter(WHERE c3>-651) FROM influx_max_range; 
          sum          
-----------------------
 -18446744073709551615
(1 row)

-- Testcase 63:
SELECT sqrt(abs(c3)), '$g%DG', c2*(random()<=1)::int  FROM influx_max_range ORDER BY 1, 2, 3;  
          sqrt           | ?column? |       ?column?       
-------------------------+----------+----------------------
 1.3341664064126334e+154 | $g%DG    | -9223372036854775807
 1.3341664064126334e+154 | $g%DG    |  9223372036854775806
 1.3379088160259651e+154 | $g%DG    | -9223372036854775808
 1.3379088160259651e+154 | $g%DG    |  9223372036854775807
(4 rows)

-- Testcase 64:
SELECT max(c2*3) FROM influx_max_range; 
ERROR:  bigint out of range
-- Testcase 65:
SELECT avg(c3-c2) FROM influx_max_range; 
ERROR:  value out of range: overflow
-- Testcase 66:
SELECT sum(c2*c3) FROM influx_max_range; 
ERROR:  value out of range: overflow
-- Testcase 67:
SELECT min(c2-5) FROM influx_max_range; 
ERROR:  bigint out of range
-- Testcase 68:
SELECT c3*c3, c4, time FROM influx_max_range;
ERROR:  value out of range: overflow
-- Testcase 69:
SELECT * FROM post_max_range ORDER BY post_max_range.*;
          c1          |         c2          |     c3     |   c4    |     c5      |   c6   |   c7   |  c8   |     c9     |   c10    |      c11       |         c12         |          c13           | __spd_url 
----------------------+---------------------+------------+---------+-------------+--------+--------+-------+------------+----------+----------------+---------------------+------------------------+-----------
 -9223372036854775808 |                   1 | 9999-12-31 |  1e+308 | -2147483648 | -1e-37 | -32768 | 32767 | 2147483647 | 00:00:01 | 24:00:00-14:59 | 9999-12-31 23:59:59 | 9999-12-31 23:59:59+00 | /post1/
 -9223372036854775808 | 9223372036854775807 | 9999-12-31 |  1e+308 | -2147483648 | -1e-37 | -32768 | 32767 | 2147483647 | 00:00:01 | 24:00:00-14:59 | 9999-12-31 23:59:59 | 9999-12-31 23:59:59+00 | /post1/
 -9223372036854775808 | 9223372036854775807 | 9999-12-31 |  1e+308 | -2147483648 | -1e-37 | -32768 | 32767 | 2147483647 |          | 24:00:00-14:59 | 9999-12-31 23:59:59 | 9999-12-31 23:59:59+00 | /post1/
 -9223372036854775808 | 9223372036854775807 | 9999-12-31 |  1e+308 | -2147483648 |        | -32768 | 32767 | 2147483647 | 00:00:01 | 24:00:00-14:59 | 9999-12-31 23:59:59 | 9999-12-31 23:59:59+00 | /post1/
 -9223372036854775808 | 9223372036854775807 | 9999-12-31 |         | -2147483648 | -1e-37 | -32768 | 32767 | 2147483647 | 00:00:01 | 24:00:00-14:59 |                     | 9999-12-31 23:59:59+00 | /post1/
 -9223372036854775807 | 9223372036854775806 | 0001-01-02 | -1e-307 |  2147483647 |  1e+37 |  32767 | 32766 | 2147483646 | 23:59:59 | 00:00:00+14:58 | 0001-01-01 00:00:01 | 0001-01-01 00:00:01+00 | /post1/
 -9223372036854775807 | 9223372036854775806 | 0001-01-02 | -1e-307 |  2147483647 |  1e+37 |  32767 | 32766 | 2147483646 | 23:59:59 |                | 0001-01-01 00:00:01 | 0001-01-01 00:00:01+00 | /post1/
 -9223372036854775807 | 9223372036854775806 | 0001-01-02 | -1e-307 |  2147483647 |  1e+37 |        | 32766 | 2147483646 | 23:59:59 | 00:00:00+14:58 | 0001-01-01 00:00:01 | 0001-01-01 00:00:01+00 | /post1/
 -9223372036854775807 | 9223372036854775806 |            | -1e-307 |  2147483647 |  1e+37 |  32767 | 32766 | 2147483646 | 23:59:59 | 00:00:00+14:58 | 0001-01-01 00:00:01 | 0001-01-01 00:00:01+00 | /post1/
  9223372036854775806 |                   2 | 9999-12-30 | -1e+308 |  2147483646 | -1e+37 |  32766 |     2 |          2 | 23:59:58 | 24:00:00-14:58 | 9999-12-31 23:59:58 | 9999-12-31 23:59:58+00 | /post1/
  9223372036854775806 |                   2 | 9999-12-30 | -1e+308 |  2147483646 | -1e+37 |  32766 |     2 |          2 | 23:59:58 | 24:00:00-14:58 |                     | 9999-12-31 23:59:58+00 | /post1/
  9223372036854775806 |                   2 | 9999-12-30 | -1e+308 |  2147483646 | -1e+37 |  32766 |  7866 |          2 | 23:59:58 | 24:00:00-14:58 | 9999-12-31 23:59:58 | 9999-12-31 23:59:58+00 | /post1/
  9223372036854775806 |                   2 | 9999-12-30 |         |  2147483646 | -1e+37 |  32766 |     2 |          2 | 23:59:58 | 24:00:00-14:58 | 9999-12-31 23:59:58 | 9999-12-31 23:59:58+00 | /post1/
  9223372036854775807 |                   1 | 0001-01-01 |  1e-307 | -2147483647 |  1e-37 | -32767 |     1 |          1 | 00:00:00 | 00:00:00+14:59 | 0001-01-01 00:00:00 | 0001-01-01 00:00:00+00 | /post1/
  9223372036854775807 |                   1 | 0001-01-01 |  1e-307 | -2147483647 |  1e-37 | -32767 |     1 |       4554 | 00:00:00 | 00:00:00+14:59 | 0001-01-01 00:00:00 | 0001-01-01 00:00:00+00 | /post1/
  9223372036854775807 |                   1 | 0001-01-01 |  1e-307 |             |  1e-37 | -32767 |     1 |          1 | 00:00:00 | 00:00:00+14:59 | 0001-01-01 00:00:00 | 0001-01-01 00:00:00+00 | /post1/
  9223372036854775807 |                   1 |            |  1e-307 | -2147483647 |  1e-37 |        |     1 |          1 | 00:00:00 | 00:00:00+14:59 | 0001-01-01 00:00:00 |                        | /post1/
                      |                   1 | 0001-01-01 |  1e-307 | -2147483647 |  1e-37 | -32767 |     1 |          1 | 00:00:00 | 00:00:00+14:59 | 0001-01-01 00:00:00 | 0001-01-01 00:00:00+00 | /post1/
                      |                   2 | 9999-12-30 | -1e+308 |  2147483646 | -1e+37 |  32766 |  2342 |          2 |          | 24:00:00-14:58 | 9999-12-31 23:59:58 | 9999-12-31 23:59:58+00 | /post1/
                      | 9223372036854775806 | 0001-01-02 | -1e-307 |             |  1e+37 |        | 32766 | 2147483646 | 23:59:59 | 00:00:00+14:58 |                     |                        | /post1/
(20 rows)

-- Testcase 70:
SELECT max(c1), max(c2), max(c4), max(c5), max(c6), max(c7), max(c8), max(c9) FROM post_max_range;
         max         |         max         |  max   |    max     |  max  |  max  |  max  |    max     
---------------------+---------------------+--------+------------+-------+-------+-------+------------
 9223372036854775807 | 9223372036854775807 | 1e+308 | 2147483647 | 1e+37 | 32767 | 32767 | 2147483647
(1 row)

-- Testcase 71:
SELECT min(c1), min(c2), min(c4), min(c5), min(c6), min(c7), min(c8), min(c9) FROM post_max_range;
         min          | min |   min   |     min     |  min   |  min   | min | min 
----------------------+-----+---------+-------------+--------+--------+-----+-----
 -9223372036854775808 |   1 | -1e+308 | -2147483648 | -1e+37 | -32768 |   1 |   1
(1 row)

-- Testcase 72:
SELECT max(c1), min(c2), min(c4), max(c5), max(c6), min(c7), max(c8), min(c9) FROM post_max_range;
         max         | min |   min   |    max     |  max  |  min   |  max  | min 
---------------------+-----+---------+------------+-------+--------+-------+-----
 9223372036854775807 |   1 | -1e+308 | 2147483647 | 1e+37 | -32768 | 32767 |   1
(1 row)

-- Testcase 73:
SELECT min(c1+c2) FROM post_max_range;
ERROR:  bigint out of range
CONTEXT:  remote SQL command: SELECT min((c1 + c2)) FROM public.post_max_range
ERROR:  PGSpider can not get data from child node : post1
-- Testcase 74:
SELECT max(c4+c6) FROM post_max_range;
  max   
--------
 1e+308
(1 row)

-- Testcase 75:
SELECT sum(c9) FROM post_max_range;
     sum     
-------------
 21474841033
(1 row)

-- Testcase 76:
SELECT sum(c5), min(c6), max(c7) FROM post_max_range;
 sum |  min   |  max  
-----+--------+-------
 -10 | -1e+37 | 32767
(1 row)

-- Testcase 77:
SELECT sum(c4+c7) FROM post_max_range;
ERROR:  value out of range: overflow
CONTEXT:  remote SQL command: SELECT sum((c4 + c7)) FROM public.post_max_range
ERROR:  PGSpider can not get data from child node : post1
-- Testcase 78:
SELECT avg(c5), avg(c6) FROM post_max_range;
        avg         | avg 
--------------------+-----
 -0.555555555555556 |   0
(1 row)

-- Testcase 79:
SELECT count(c1), count(*), count(DISTINCT c4), count(ALL c5) FROM post_max_range;
 count | count | count | count 
-------+-------+-------+-------
    17 |    20 |     4 |    18
(1 row)

-- Testcase 80:
SELECT stddev(c1), stddev(c2), stddev(c4+c7) FROM post_max_range;
ERROR:  bigint out of range
CONTEXT:  remote SQL command: SELECT count(c1), sum(c1), sum((c1 * c1)), count(c2), sum(c2), sum((c2 * c2)), count((c4 + c7)), sum((c4 + c7)), sum(((c4 + c7) * (c4 + c7))) FROM public.post_max_range
ERROR:  PGSpider can not get data from child node : post1
-- Testcase 81:
SELECT array_agg(c5), array_agg(c6), array_agg(c7), array_agg(c8), array_agg(c9) FROM post_max_range;
                                                                                                         array_agg                                                                                                          |                                                             array_agg                                                             |                                                            array_agg                                                            |                                        array_agg                                        |                                                               array_agg                                                                
----------------------------------------------------------------------------------------------------------------------------------------------------------------------------------------------------------------------------+-----------------------------------------------------------------------------------------------------------------------------------+---------------------------------------------------------------------------------------------------------------------------------+-----------------------------------------------------------------------------------------+----------------------------------------------------------------------------------------------------------------------------------------
 {-2147483647,-2147483648,2147483647,2147483646,-2147483647,-2147483648,2147483647,2147483646,NULL,-2147483648,2147483647,2147483646,-2147483647,-2147483648,2147483647,2147483646,-2147483647,-2147483648,NULL,2147483646} | {1e-37,-1e-37,1e+37,-1e+37,1e-37,-1e-37,1e+37,-1e+37,1e-37,NULL,1e+37,-1e+37,1e-37,-1e-37,1e+37,-1e+37,1e-37,-1e-37,1e+37,-1e+37} | {-32767,-32768,32767,32766,-32767,-32768,32767,32766,-32767,-32768,NULL,32766,-32767,-32768,32767,32766,NULL,-32768,NULL,32766} | {1,32767,32766,2,1,32767,32766,2,1,32767,32766,7866,1,32767,32766,2,1,32767,32766,2342} | {1,2147483647,2147483646,2,1,2147483647,2147483646,2,1,2147483647,2147483646,2,4554,2147483647,2147483646,2,1,2147483647,2147483646,2}
(1 row)

-- Testcase 82:
SELECT bit_and(c1), bit_or(c2), bit_and(c5), bit_or(c7) FROM post_max_range;
 bit_and |       bit_or        | bit_and | bit_or 
---------+---------------------+---------+--------
       0 | 9223372036854775807 |       0 |     -1
(1 row)

-- Testcase 83:
SELECT bool_or(c1>0), bool_or(c2<=0), bool_and(c4<>0), bool_and(c5>=0) FROM post_max_range;
 bool_or | bool_or | bool_and | bool_and 
---------+---------+----------+----------
 t       | f       | t        | f
(1 row)

-- Testcase 84:
SELECT sqrt(abs(c1)), sqrt(abs(c4)), sqrt(abs(c6)), sqrt(abs(c7+c8)) FROM post_max_range;
ERROR:  bigint out of range
-- Testcase 85:
SELECT * FROM tmp_file_max_range ORDER BY tmp_file_max_range.*;
          c1          |     c2     |   c3    |     c4      |   c5   |   c6   |    c7    |       c8       |         c9          |          c10           |      __spd_url       
----------------------+------------+---------+-------------+--------+--------+----------+----------------+---------------------+------------------------+----------------------
 -9223372036854775808 | 9999-12-31 |  1e+308 | -2147483648 | -1e-37 | -32768 | 00:00:01 | 24:00:00-14:59 | 9999-12-31 23:59:59 | 9999-12-31 23:59:59+00 | /tmp_file_max_range/
 -9223372036854775808 | 9999-12-31 |  1e+308 | -2147483648 | -1e-37 | -32768 |          | 24:00:00-14:59 | 9999-12-31 23:59:59 | 9999-12-31 23:59:59+00 | /tmp_file_max_range/
 -9223372036854775808 | 9999-12-31 |  1e+308 | -2147483648 | -1e-37 |        | 00:00:01 | 24:00:00-14:59 | 9999-12-31 23:59:59 | 9999-12-31 23:59:59+00 | /tmp_file_max_range/
 -9223372036854775808 | 9999-12-31 |  1e+308 | -2147483648 |        | -32768 | 00:00:01 | 24:00:00-14:59 | 9999-12-31 23:59:59 | 9999-12-31 23:59:59+00 | /tmp_file_max_range/
 -9223372036854775807 | 0001-01-02 | -1e-307 |  2147483647 |  1e+37 |  32767 | 23:59:59 | 00:00:00+14:58 | 1000-01-01 00:00:01 | 1000-01-01 00:00:01+00 | /tmp_file_max_range/
 -9223372036854775807 | 0001-01-02 | -1e-307 |  2147483647 |  1e+37 |  32767 | 23:59:59 |                | 1000-01-01 00:00:01 | 1000-01-01 00:00:01+00 | /tmp_file_max_range/
  9223372036854775806 | 9999-12-30 | -1e+308 |  2147483646 | -1e+37 |  32766 | 23:59:58 | 24:00:00-14:58 | 9999-12-31 23:59:58 | 9999-12-31 23:59:58+00 | /tmp_file_max_range/
  9223372036854775806 | 9999-12-30 | -1e+308 |  2147483646 | -1e+37 |  32766 | 23:59:58 | 24:00:00-14:58 | 9999-12-31 23:59:58 |                        | /tmp_file_max_range/
  9223372036854775806 | 9999-12-30 | -1e+308 |  2147483646 | -1e+37 |  32766 | 23:59:58 | 24:00:00-14:58 |                     | 9999-12-31 23:59:58+00 | /tmp_file_max_range/
  9223372036854775806 | 9999-12-30 | -1e+308 |             | -1e+37 |        |          |                |                     | 9999-12-31 23:59:58+00 | /tmp_file_max_range/
  9223372036854775806 |            | -1e+308 |  2147483646 | -1e+37 |        | 23:59:58 |                |                     | 9999-12-31 23:59:58+00 | /tmp_file_max_range/
  9223372036854775807 | 0001-01-01 |  1e-307 | -2147483647 |  1e-37 | -32767 | 00:00:00 | 00:00:00+14:59 | 1000-01-01 00:00:00 | 1000-01-01 00:00:00+00 | /tmp_file_max_range/
  9223372036854775807 | 0001-01-01 |  1e-307 |             |  1e-37 | -32767 | 00:00:00 | 00:00:00+14:59 | 1000-01-01 00:00:00 | 1000-01-01 00:00:00+00 | /tmp_file_max_range/
  9223372036854775807 | 0001-01-01 |         | -2147483647 |  1e-37 | -32767 | 00:00:00 | 00:00:00+14:59 | 1000-01-01 00:00:00 | 1000-01-01 00:00:00+00 | /tmp_file_max_range/
  9223372036854775807 |            |  1e-307 | -2147483647 |  1e-37 | -32767 | 00:00:00 | 00:00:00+14:59 | 1000-01-01 00:00:00 | 1000-01-01 00:00:00+00 | /tmp_file_max_range/
                      | 0001-01-01 |  1e-307 | -2147483647 |  1e-37 | -32767 | 00:00:00 | 00:00:00+14:59 | 1000-01-01 00:00:00 | 1000-01-01 00:00:00+00 | /tmp_file_max_range/
                      | 9999-12-30 | -1e+308 |             | -1e+37 |  32766 | 23:59:58 | 24:00:00-14:58 |                     | 9999-12-31 23:59:58+00 | /tmp_file_max_range/
(17 rows)

-- Testcase 86:
SELECT max(c1), max(c3), max(c4), max(c5), max(c6) FROM tmp_file_max_range;
         max         |  max   |    max     |  max  |  max  
---------------------+--------+------------+-------+-------
 9223372036854775807 | 1e+308 | 2147483647 | 1e+37 | 32767
(1 row)

-- Testcase 87:
SELECT min(c1), min(c3), min(c4), min(c5), min(c6) FROM tmp_file_max_range;
         min          |   min   |     min     |  min   |  min   
----------------------+---------+-------------+--------+--------
 -9223372036854775808 | -1e+308 | -2147483648 | -1e+37 | -32768
(1 row)

-- Testcase 88:
SELECT max(c1), min(c3), min(c4), max(c5), max(c6) FROM tmp_file_max_range;
         max         |   min   |     min     |  max  |  max  
---------------------+---------+-------------+-------+-------
 9223372036854775807 | -1e+308 | -2147483648 | 1e+37 | 32767
(1 row)

-- Testcase 89:
SELECT min(c5+c3) FROM tmp_file_max_range;
   min   
---------
 -1e+308
(1 row)

-- Testcase 90:
SELECT max(c4+c1) FROM tmp_file_max_range;
ERROR:  bigint out of range
-- Testcase 91:
SELECT sum(c6) FROM tmp_file_max_range;
  sum   
--------
 -65541
(1 row)

-- Testcase 92:
SELECT sum(c5), min(c6), max(c1) FROM tmp_file_max_range;
  sum   |  min   |         max         
--------+--------+---------------------
 -4e+37 | -32768 | 9223372036854775807
(1 row)

-- Testcase 93:
SELECT sum(c4+c3) FROM tmp_file_max_range;
ERROR:  value out of range: overflow
-- Testcase 94:
SELECT avg(c5), avg(c6) FROM tmp_file_max_range;
          avg           |          avg           
------------------------+------------------------
 -2.499999983453953e+36 | -4681.5000000000000000
(1 row)

-- Testcase 95:
SELECT count(c2), count(*), count(DISTINCT c4), count(ALL c9) FROM tmp_file_max_range;
 count | count | count | count 
-------+-------+-------+-------
    15 |    17 |     4 |    13
(1 row)

-- Testcase 96:
SELECT stddev(c1), stddev(c3), stddev(c4+c6) FROM tmp_file_max_range;
ERROR:  integer out of range
-- Testcase 97:
SELECT array_agg(c5), array_agg(c6), array_agg(c7), array_agg(c8), array_agg(c9) FROM tmp_file_max_range;
                                                    array_agg                                                    |                                                  array_agg                                                   |                                                                     array_agg                                                                      |                                                                                                             array_agg                                                                                                              |                                                                                                                                                      array_agg                                                                                                                                                      
-----------------------------------------------------------------------------------------------------------------+--------------------------------------------------------------------------------------------------------------+----------------------------------------------------------------------------------------------------------------------------------------------------+------------------------------------------------------------------------------------------------------------------------------------------------------------------------------------------------------------------------------------+---------------------------------------------------------------------------------------------------------------------------------------------------------------------------------------------------------------------------------------------------------------------------------------------------------------------
 {1e-37,-1e-37,1e+37,-1e+37,1e-37,1e-37,1e-37,1e-37,NULL,-1e-37,-1e-37,1e+37,-1e+37,-1e+37,-1e+37,-1e+37,-1e+37} | {-32767,-32768,32767,32766,-32767,-32767,-32767,-32767,-32768,NULL,-32768,32767,32766,32766,32766,NULL,NULL} | {00:00:00,00:00:01,23:59:59,23:59:58,00:00:00,00:00:00,00:00:00,00:00:00,00:00:01,00:00:01,NULL,23:59:59,23:59:58,23:59:58,23:59:58,23:59:58,NULL} | {00:00:00+14:59,24:00:00-14:59,00:00:00+14:58,24:00:00-14:58,00:00:00+14:59,00:00:00+14:59,00:00:00+14:59,00:00:00+14:59,24:00:00-14:59,24:00:00-14:59,24:00:00-14:59,NULL,24:00:00-14:58,24:00:00-14:58,24:00:00-14:58,NULL,NULL} | {"1000-01-01 00:00:00","9999-12-31 23:59:59","1000-01-01 00:00:01","9999-12-31 23:59:58","1000-01-01 00:00:00","1000-01-01 00:00:00","1000-01-01 00:00:00","1000-01-01 00:00:00","9999-12-31 23:59:59","9999-12-31 23:59:59","9999-12-31 23:59:59","1000-01-01 00:00:01",NULL,"9999-12-31 23:59:58",NULL,NULL,NULL}
(1 row)

-- Testcase 98:
SELECT bit_and(c1), bit_or(c4), bit_and(c6) FROM tmp_file_max_range;
 bit_and | bit_or | bit_and 
---------+--------+---------
       0 |     -1 |       0
(1 row)

-- Testcase 99:
SELECT bool_or(c1>0), bool_or(c3<=0), bool_and(c4<>0), bool_and(c5>=0) FROM tmp_file_max_range;
 bool_or | bool_or | bool_and | bool_and 
---------+---------+----------+----------
 t       | t       | t        | f
(1 row)

-- Testcase 100:
SELECT sqrt(abs(c1)), sqrt(abs(c4)), sqrt(abs(c6)), sqrt(abs(c3+c5)) FROM tmp_file_max_range;
ERROR:  bigint out of range
-- Testcase 101:
SELECT * FROM _sqlite_max_range ORDER BY _sqlite_max_range.*;
     c1      |  c2  |   c3   |    c4    |          c5          |         c6          |          c7          |    c8     |      c9       |      c10      |    c11     |    c12     |         c13         | __spd_url 
-------------+------+--------+----------+----------------------+---------------------+----------------------+-----------+---------------+---------------+------------+------------+---------------------+-----------
 -2147483648 | -128 | -32768 | -8388608 | -9223372036854775808 |                   0 | -9223372036854775808 |  -3.4e+38 | -1.79769e+308 | -1.79769e+308 | -1.79e+308 | 0001-01-01 | 0001-01-01 00:00:00 | /sqlite1/
 -2147483648 | -128 | -32768 | -8388608 | -9223372036854775808 |                   0 | -9223372036854775808 |  -3.4e+38 | -1.79769e+308 |               | -1.79e+308 | 0001-01-01 | 0001-01-01 00:00:00 | /sqlite1/
 -2147483648 | -128 | -32768 | -8388608 | -9223372036854775808 |                     | -9223372036854775808 |  -3.4e+38 | -1.79769e+308 | -1.79769e+308 | -1.79e+308 | 0001-01-01 | 0001-01-01 00:00:00 | /sqlite1/
 -2147483648 | -128 | -32768 |          | -9223372036854775808 |                     |                      |  -3.4e+38 | -1.79769e+308 |               | -1.79e+308 | 0001-01-01 |                     | /sqlite1/
 -2147483648 |      | -32768 | -8388608 | -9223372036854775808 |                   0 | -9223372036854775808 |  -3.4e+38 | -1.79769e+308 | -1.79769e+308 | -1.79e+308 | 0001-01-01 | 0001-01-01 00:00:00 | /sqlite1/
 -2147483647 | -127 | -32767 | -8388607 | -9223372036854775807 |                   1 | -9223372036854775807 | -3.39e+38 | -1.79768e+308 | -1.79768e+308 | -1.78e+308 | 0001-01-02 | 0001-01-01 00:00:01 | /sqlite1/
 -2147483647 | -127 | -32767 | -8388607 | -9223372036854775807 |                   1 | -9223372036854775807 | -3.39e+38 | -1.79768e+308 | -1.79768e+308 | -1.78e+308 |            | 0001-01-01 00:00:01 | /sqlite1/
 -2147483647 | -127 | -32767 | -8388607 | -9223372036854775807 |                   1 | -9223372036854775807 |           | -1.79768e+308 | -1.79768e+308 | -1.78e+308 | 0001-01-02 | 0001-01-01 00:00:01 | /sqlite1/
 -2147483647 | -127 | -32767 |          | -9223372036854775807 |                   1 | -9223372036854775807 | -3.39e+38 | -1.79768e+308 | -1.79768e+308 | -1.78e+308 | 0001-01-02 | 0001-01-01 00:00:01 | /sqlite1/
 -2147483647 |      | -32767 | -8388607 |                      |                   1 | -9223372036854775807 | -3.39e+38 |               | -1.79768e+308 | -1.78e+308 |            | 0001-01-01 00:00:01 | /sqlite1/
  2147483646 |  126 |  32766 |  8388606 |  9223372036854775806 | 9223372036854775807 |  9223372036854775806 |  3.39e+38 |  1.79768e+308 |  1.79768e+308 |  1.78e+308 | 9999-12-30 | 9999-12-31 23:59:58 | /sqlite1/
  2147483646 |  126 |  32766 |  8388606 |  9223372036854775806 | 9223372036854775807 |  9223372036854775806 |  3.39e+38 |  1.79768e+308 |  1.79768e+308 |            | 9999-12-30 | 9999-12-31 23:59:58 | /sqlite1/
  2147483646 |  126 |  32766 |  8388606 |  9223372036854775806 | 9223372036854775807 |                      |  3.39e+38 |  1.79768e+308 |  1.79768e+308 |  1.78e+308 | 9999-12-30 | 9999-12-31 23:59:58 | /sqlite1/
  2147483646 |  126 |        |  8388606 |  9223372036854775806 | 9223372036854775807 |  9223372036854775806 |  3.39e+38 |  1.79768e+308 |  1.79768e+308 |  1.78e+308 | 9999-12-30 | 9999-12-31 23:59:58 | /sqlite1/
  2147483647 |  127 |  32767 |  8388607 |  9223372036854775807 | 9223372036854775807 |  9223372036854775807 |   3.4e+38 |  1.79769e+308 |  1.79769e+308 |  1.79e+308 | 9999-12-31 | 9999-12-31 23:59:59 | /sqlite1/
  2147483647 |  127 |  32767 |  8388607 |  9223372036854775807 | 9223372036854775807 |  9223372036854775807 |   3.4e+38 |               |  1.79769e+308 |  1.79e+308 | 9999-12-31 | 9999-12-31 23:59:59 | /sqlite1/
  2147483647 |  127 |  32767 |  8388607 |                      | 9223372036854775807 |  9223372036854775807 |   3.4e+38 |  1.79769e+308 |  1.79769e+308 |  1.79e+308 | 9999-12-31 | 9999-12-31 23:59:59 | /sqlite1/
  2147483647 |  127 |  32767 |          |  9223372036854775807 | 9223372036854775807 |                      |   3.4e+38 |               |  1.79769e+308 |            | 9999-12-31 |                     | /sqlite1/
             |  126 |  32766 |          |                      |                     |  9223372036854775806 |           |               |  1.79768e+308 |            | 9999-12-30 |                     | /sqlite1/
             |  127 |  32767 |  8388607 |  9223372036854775807 | 9223372036854775807 |  9223372036854775807 |   3.4e+38 |  1.79769e+308 |  1.79769e+308 |  1.79e+308 | 9999-12-31 | 9999-12-31 23:59:59 | /sqlite1/
(20 rows)

-- Testcase 102:
SELECT max(c1), max(c2), max(c4), max(c5), max(c6), max(c7), max(c8), max(c9), max(c10), max(c11) FROM _sqlite_max_range;
    max     | max |   max   |         max         |         max         |         max         |   max   |     max      |     max      |    max    
------------+-----+---------+---------------------+---------------------+---------------------+---------+--------------+--------------+-----------
 2147483647 | 127 | 8388607 | 9223372036854775807 | 9223372036854775807 | 9223372036854775807 | 3.4e+38 | 1.79769e+308 | 1.79769e+308 | 1.79e+308
(1 row)

-- Testcase 103:
SELECT min(c1), min(c2), min(c4), min(c5), min(c6), min(c7), min(c8), min(c9), max(c10), max(c11) FROM _sqlite_max_range;
     min     | min  |   min    |         min          | min |         min          |   min    |      min      |     max      |    max    
-------------+------+----------+----------------------+-----+----------------------+----------+---------------+--------------+-----------
 -2147483648 | -128 | -8388608 | -9223372036854775808 |   0 | -9223372036854775808 | -3.4e+38 | -1.79769e+308 | 1.79769e+308 | 1.79e+308
(1 row)

-- Testcase 104:
SELECT max(c1), min(c2), min(c4), max(c5), max(c6), min(c7), max(c8), min(c9), max(c10), min(c11) FROM _sqlite_max_range;
    max     | min  |   min    |         max         |         max         |         min          |   max   |      min      |     max      |    min     
------------+------+----------+---------------------+---------------------+----------------------+---------+---------------+--------------+------------
 2147483647 | -128 | -8388608 | 9223372036854775807 | 9223372036854775807 | -9223372036854775808 | 3.4e+38 | -1.79769e+308 | 1.79769e+308 | -1.79e+308
(1 row)

-- Testcase 105:
SELECT min(c1+c3), max(c2+c6), max(c4+c5), min(c7*c9), max(c11/c10) FROM _sqlite_max_range;
ERROR:  value out of range: overflow
-- Testcase 106:
SELECT sum(c9), sum(c1), sum(c11) FROM _sqlite_max_range;
    sum    |     sum     |    sum    
-----------+-------------+-----------
 -Infinity | -4294967303 | -Infinity
(1 row)

-- Testcase 107:
SELECT sum(c5), min(c6), max(c7) FROM _sqlite_max_range;
ERROR:  failed to execute remote SQL: rc=1 integer overflow 
   sql=SELECT sum(`c5`), min(`c6`), max(`c7`) FROM main."_sqlite_max_range"
ERROR:  PGSpider can not get data from child node : sqlite1
-- Testcase 108:
SELECT sum(c4+c7), sum(c1*c10), max(c2*c8), min(c3+c9)  FROM _sqlite_max_range;
ERROR:  value out of range: overflow
-- Testcase 109:
SELECT avg(c5), avg(c6+c9) FROM _sqlite_max_range;
ERROR:  value out of range: overflow
-- Testcase 110:
SELECT count(c1), count(*), count(DISTINCT c4), count(ALL c5) FROM _sqlite_max_range;
 count | count | count | count 
-------+-------+-------+-------
    18 |    20 |     4 |    17
(1 row)

-- Testcase 111:
SELECT stddev(c1), stddev(c2), stddev(c4+c7) FROM _sqlite_max_range;
ERROR:  failed to execute remote SQL: rc=1 integer overflow 
   sql=SELECT count(`c1`), sum(`c1`), sum((`c1` * `c1`)), count(`c2`), sum(`c2`), sum((`c2` * `c2`)), count((`c4` + `c7`)), sum((`c4` + `c7`)), sum(((`c4` + `c7`) * (`c4` + `c7`))) FROM main."_sqlite_max_range"
ERROR:  PGSpider can not get data from child node : sqlite1
-- Testcase 112:
SELECT array_agg(c5), array_agg(c6), array_agg(c11), array_agg(c8), array_agg(c9) FROM _sqlite_max_range;
                                                                                                                                                                                   array_agg                                                                                                                                                                                   |                                                                                                      array_agg                                                                                                       |                                                                                              array_agg                                                                                               |                                                                                  array_agg                                                                                   |                                                                                                                   array_agg                                                                                                                    
-------------------------------------------------------------------------------------------------------------------------------------------------------------------------------------------------------------------------------------------------------------------------------------------------------------------------------------------------------------------------------+----------------------------------------------------------------------------------------------------------------------------------------------------------------------------------------------------------------------+------------------------------------------------------------------------------------------------------------------------------------------------------------------------------------------------------+------------------------------------------------------------------------------------------------------------------------------------------------------------------------------+------------------------------------------------------------------------------------------------------------------------------------------------------------------------------------------------------------------------------------------------
 {9223372036854775807,-9223372036854775808,9223372036854775806,-9223372036854775807,9223372036854775807,-9223372036854775808,9223372036854775806,-9223372036854775807,NULL,-9223372036854775808,9223372036854775806,-9223372036854775807,9223372036854775807,-9223372036854775808,9223372036854775806,-9223372036854775807,9223372036854775807,-9223372036854775808,NULL,NULL} | {9223372036854775807,0,9223372036854775807,1,9223372036854775807,0,9223372036854775807,1,9223372036854775807,NULL,9223372036854775807,1,9223372036854775807,0,9223372036854775807,1,9223372036854775807,NULL,NULL,1} | {1.79e+308,-1.79e+308,1.78e+308,-1.78e+308,1.79e+308,-1.79e+308,1.78e+308,-1.78e+308,1.79e+308,-1.79e+308,1.78e+308,-1.78e+308,1.79e+308,-1.79e+308,NULL,-1.78e+308,NULL,-1.79e+308,NULL,-1.78e+308} | {3.4e+38,-3.4e+38,3.39e+38,-3.39e+38,3.4e+38,-3.4e+38,3.39e+38,-3.39e+38,3.4e+38,-3.4e+38,3.39e+38,NULL,3.4e+38,-3.4e+38,3.39e+38,-3.39e+38,3.4e+38,-3.4e+38,NULL,-3.39e+38} | {1.79769e+308,-1.79769e+308,1.79768e+308,-1.79768e+308,1.79769e+308,-1.79769e+308,1.79768e+308,-1.79768e+308,1.79769e+308,-1.79769e+308,1.79768e+308,-1.79768e+308,NULL,-1.79769e+308,1.79768e+308,-1.79768e+308,NULL,-1.79769e+308,NULL,NULL}
(1 row)

-- Testcase 113:
SELECT bit_or(c2), bit_and(c3), bit_and(c5), bit_or(c6), bit_or(c7) FROM _sqlite_max_range;
 bit_or | bit_and | bit_and |       bit_or        | bit_or 
--------+---------+---------+---------------------+--------
     -1 |       0 |       0 | 9223372036854775807 |     -1
(1 row)

-- Testcase 114:
SELECT bool_or(c3>0), bool_or(c9<=0), bool_and(c4<>0), bool_and(c11>=0) FROM _sqlite_max_range;
 bool_or | bool_or | bool_and | bool_and 
---------+---------+----------+----------
 t       | t       | t        | f
(1 row)

-- Testcase 115:
SELECT sqrt(abs(c10)), sqrt(abs(c4)), sqrt(abs(c6)), sqrt(abs(c7+c10)) FROM _sqlite_max_range ORDER BY 1, 2, 3, 4;
          sqrt           |       sqrt        |       sqrt       |          sqrt           
-------------------------+-------------------+------------------+-------------------------
  1.340775894771382e+154 | 2896.309030473095 | 3037000499.97605 |  1.340775894771382e+154
  1.340775894771382e+154 | 2896.309030473095 | 3037000499.97605 |  1.340775894771382e+154
  1.340775894771382e+154 | 2896.309030473095 | 3037000499.97605 |  1.340775894771382e+154
  1.340775894771382e+154 | 2896.309030473095 | 3037000499.97605 |                        
  1.340775894771382e+154 | 2896.309203106602 |                1 |  1.340775894771382e+154
  1.340775894771382e+154 | 2896.309203106602 |                1 |  1.340775894771382e+154
  1.340775894771382e+154 | 2896.309203106602 |                1 |  1.340775894771382e+154
  1.340775894771382e+154 | 2896.309203106602 |                1 |  1.340775894771382e+154
  1.340775894771382e+154 |                   |                1 |  1.340775894771382e+154
  1.340775894771382e+154 |                   |                  |  1.340775894771382e+154
 1.3407796239501852e+154 | 2896.309203106602 | 3037000499.97605 | 1.3407796239501852e+154
 1.3407796239501852e+154 | 2896.309203106602 | 3037000499.97605 | 1.3407796239501852e+154
 1.3407796239501852e+154 | 2896.309203106602 | 3037000499.97605 | 1.3407796239501852e+154
 1.3407796239501852e+154 | 2896.309203106602 | 3037000499.97605 | 1.3407796239501852e+154
 1.3407796239501852e+154 | 2896.309375740099 |                0 | 1.3407796239501852e+154
 1.3407796239501852e+154 | 2896.309375740099 |                0 | 1.3407796239501852e+154
 1.3407796239501852e+154 | 2896.309375740099 |                  | 1.3407796239501852e+154
 1.3407796239501852e+154 |                   | 3037000499.97605 |                        
                         | 2896.309375740099 |                0 |                        
                         |                   |                  |                        
(20 rows)

