select * from tbl_postgre order by c2, __spd_url;
ERROR:  relation "tbl_postgre" does not exist
LINE 1: select * from tbl_postgre order by c2, __spd_url;
                      ^
select * from tmp_test_setcluster order by c2, __spd_url;
        c1         |      c2      |      c3       | __spd_url 
-------------------+--------------+---------------+-----------
 กระทะfile2        | -33720385808 |   19212.12123 | /db2/
 กระทะfile2        | -33720385808 |   19212.12123 | /db2/
 กระทะfile2        | -33720385808 |   19212.12123 | /db4/
 simplefile4       |    -21212312 |     5000.1651 | /db2/
 simplefile4       |    -21212312 |     5000.1651 | /db2/
 simplefile4       |    -21212312 |     5000.1651 | /db4/
 ごきげんようfile8 |       -83781 |    9000.32184 | /db2/
 ごきげんようfile8 |       -83781 |    9000.32184 | /db2/
 ごきげんようfile8 |       -83781 |    9000.32184 | /db4/
 ハンサムfile10    |          123 |   83123.12312 | /db2/
 ハンサムfile10    |          123 |   83123.12312 | /db2/
 ハンサムfile10    |          123 |   83123.12312 | /db4/
 сковородаfile9    |         1213 |   -12000.9213 | /db2/
 сковородаfile9    |         1213 |   -12000.9213 | /db2/
 сковородаfile9    |         1213 |   -12000.9213 | /db4/
 nothingfile5      |        12123 |    -6000.1894 | /db2/
 nothingfile5      |        12123 |    -6000.1894 | /db2/
 nothingfile5      |        12123 |    -6000.1894 | /db4/
 友達と会うfile3   |        21123 |    -4000.6153 | /db2/
 友達と会うfile3   |        21123 |    -4000.6153 | /db2/
 友達と会うfile3   |        21123 |    -4000.6153 | /db4/
 0YJ_gG7l000file7  |       122112 |    -8000.6871 | /db2/
 0YJ_gG7l000file7  |       122112 |    -8000.6871 | /db2/
 0YJ_gG7l000file7  |       122112 |    -8000.6871 | /db4/
 oneonefile6       |     98972321 |     7000.1984 | /db2/
 oneonefile6       |     98972321 |     7000.1984 | /db2/
 oneonefile6       |     98972321 |     7000.1984 | /db4/
 Cáichảofile1      | 922337203807 | 21292.1212312 | /db2/
 Cáichảofile1      | 922337203807 | 21292.1212312 | /db2/
 Cáichảofile1      | 922337203807 | 21292.1212312 | /db4/
(30 rows)

select * from tmp_test_setcluster2;
        c1         |      c2      |      c3       | __spd_url 
-------------------+--------------+---------------+-----------
 Cáichảofile1      | 922337203807 | 21292.1212312 | /db3/
 กระทะfile2        | -33720385808 |   19212.12123 | /db3/
 友達と会うfile3   |        21123 |    -4000.6153 | /db3/
 simplefile4       |    -21212312 |     5000.1651 | /db3/
 nothingfile5      |        12123 |    -6000.1894 | /db3/
 oneonefile6       |     98972321 |     7000.1984 | /db3/
 0YJ_gG7l000file7  |       122112 |    -8000.6871 | /db3/
 ごきげんようfile8 |       -83781 |    9000.32184 | /db3/
 сковородаfile9    |         1213 |   -12000.9213 | /db3/
 ハンサムfile10    |          123 |   83123.12312 | /db3/
(10 rows)

select * from tbl_grid;
ERROR:  relation "tbl_grid" does not exist
LINE 1: select * from tbl_grid;
                      ^
select * from tbl_influx;
SET
ERROR:  relation "tbl_influx" does not exist
LINE 1: SET TIMEZONE to 'UTC'; select * from tbl_influx;
                                             ^
select * from tbl_mysql;
ERROR:  relation "tbl_mysql" does not exist
LINE 1: select * from tbl_mysql;
                      ^
select * from tbl_sqlite;
ERROR:  relation "tbl_sqlite" does not exist
LINE 1: select * from tbl_sqlite;
                      ^
select * from tbl_tiny;
ERROR:  relation "tbl_tiny" does not exist
LINE 1: select * from tbl_tiny;
                      ^
select * from tbl_parquetminio;
ERROR:  relation "tbl_parquetminio" does not exist
LINE 1: select * from tbl_parquetminio;
                      ^
select * from tbl_parquetlocal;
ERROR:  relation "tbl_parquetlocal" does not exist
LINE 1: select * from tbl_parquetlocal;
                      ^
select * from tbl_oracle;
ERROR:  relation "tbl_oracle" does not exist
LINE 1: select * from tbl_oracle;
                      ^
select * from tbl_sqlumdash;
ERROR:  relation "tbl_sqlumdash" does not exist
LINE 1: select * from tbl_sqlumdash;
                      ^
select * from tbl_odbcmysql;
ERROR:  relation "tbl_odbcmysql" does not exist
LINE 1: select * from tbl_odbcmysql;
                      ^
select * from tbl_odbcpostgres;
ERROR:  relation "tbl_odbcpostgres" does not exist
LINE 1: select * from tbl_odbcpostgres;
                      ^
select * from tbl_dynamodb;
ERROR:  relation "tbl_dynamodb" does not exist
LINE 1: select * from tbl_dynamodb;
                      ^
select * from tbl_mongo;
ERROR:  relation "tbl_mongo" does not exist
LINE 1: select * from tbl_mongo;
                      ^
select * from tbl_jdbcmysql;
ERROR:  relation "tbl_jdbcmysql" does not exist
LINE 1: select * from tbl_jdbcmysql;
                      ^
select * from tbl_jdbcpostgres;
ERROR:  relation "tbl_jdbcpostgres" does not exist
LINE 1: select * from tbl_jdbcpostgres;
                      ^
select * from tbl_jdbcgrid;
ERROR:  relation "tbl_jdbcgrid" does not exist
LINE 1: select * from tbl_jdbcgrid;
                      ^
select * from tbl_postgrest;
ERROR:  relation "tbl_postgrest" does not exist
LINE 1: select * from tbl_postgrest;
                      ^
