select * from tbl_postgre;
ERROR:  relation "tbl_postgre" does not exist
LINE 1: select * from tbl_postgre;
                      ^
select * from tmp_test_setcluster;
ERROR:  relation "tmp_test_setcluster" does not exist
LINE 1: select * from tmp_test_setcluster;
                      ^
select * from tbl_grid;
ERROR:  relation "tbl_grid" does not exist
LINE 1: select * from tbl_grid;
                      ^
select * from tbl_influx;
          time          | sid | sig1  |             sig2             |    sig3    | sig4 | __spd_url 
------------------------+-----+-------+------------------------------+------------+------+-----------
 1970-01-01 08:01:39+08 | id2 |   370 | g029012                      |  109489057 | t    | /db2/
 1970-01-01 08:16:26+08 | id3 |  9260 | インターフェース設計検討資料 |        -24 | f    | /db2/
 1970-01-01 09:27:15+08 | id1 | 12120 | aoaowejf                     | 4098219035 | t    | /db2/
 1970-01-01 10:22:58+08 | id1 |  1250 | システムGUIソフトウエア      |     -10000 | f    | /db2/
 1970-01-01 11:27:11+08 | id4 |   480 | +!2-3-12030_!@#!)~_#@%)      | 9826357635 | f    | /db2/
 1970-01-01 20:05:46+08 | id3 |  -230 | C)@maEFJAe=3kake             |          0 | f    | /db2/
 1970-01-01 22:36:06+08 | id4 |  -340 | 装置開発機能仕               |    9384972 | t    | /db2/
 1970-01-07 09:54:05+08 | id2 |  2120 | BAEFOAWJ#AWEK                | 1023108589 | f    | /db2/
(8 rows)

select * from tbl_influx_2;
          time          | sid | sig1  |             sig2             |    sig3    | sig4 | __spd_url 
------------------------+-----+-------+------------------------------+------------+------+-----------
 1970-01-01 08:01:39+08 | id2 |   370 | g029012                      |  109489057 | t    | /db3/
 1970-01-01 08:16:26+08 | id3 |  9260 | インターフェース設計検討資料 |        -24 | f    | /db3/
 1970-01-01 09:27:15+08 | id1 | 12120 | aoaowejf                     | 4098219035 | t    | /db3/
 1970-01-01 10:22:58+08 | id1 |  1250 | システムGUIソフトウエア      |     -10000 | f    | /db3/
 1970-01-01 11:27:11+08 | id4 |   480 | +!2-3-12030_!@#!)~_#@%)      | 9826357635 | f    | /db3/
 1970-01-01 20:05:46+08 | id3 |  -230 | C)@maEFJAe=3kake             |          0 | f    | /db3/
 1970-01-01 22:36:06+08 | id4 |  -340 | 装置開発機能仕               |    9384972 | t    | /db3/
 1970-01-07 09:54:05+08 | id2 |  2120 | BAEFOAWJ#AWEK                | 1023108589 | f    | /db3/
(8 rows)

select * from tbl_mysql;
ERROR:  relation "tbl_mysql" does not exist
LINE 1: select * from tbl_mysql;
                      ^
select * from tbl_sqlite;
ERROR:  relation "tbl_sqlite" does not exist
LINE 1: select * from tbl_sqlite;
                      ^
select * from tbl_tiny;
ERROR:  relation "tbl_tiny" does not exist
LINE 1: select * from tbl_tiny;
                      ^
select * from tbl_parquetminio;
ERROR:  relation "tbl_parquetminio" does not exist
LINE 1: select * from tbl_parquetminio;
                      ^
select * from tbl_parquetlocal;
ERROR:  relation "tbl_parquetlocal" does not exist
LINE 1: select * from tbl_parquetlocal;
                      ^
select * from tbl_oracle;
ERROR:  relation "tbl_oracle" does not exist
LINE 1: select * from tbl_oracle;
                      ^
select * from tbl_sqlumdash;
ERROR:  relation "tbl_sqlumdash" does not exist
LINE 1: select * from tbl_sqlumdash;
                      ^
select * from tbl_odbcmysql;
ERROR:  relation "tbl_odbcmysql" does not exist
LINE 1: select * from tbl_odbcmysql;
                      ^
select * from tbl_odbcpostgres;
ERROR:  relation "tbl_odbcpostgres" does not exist
LINE 1: select * from tbl_odbcpostgres;
                      ^
select * from tbl_dynamodb;
ERROR:  relation "tbl_dynamodb" does not exist
LINE 1: select * from tbl_dynamodb;
                      ^
select * from tbl_mongo;
ERROR:  relation "tbl_mongo" does not exist
LINE 1: select * from tbl_mongo;
                      ^
select * from tbl_jdbcmysql;
ERROR:  relation "tbl_jdbcmysql" does not exist
LINE 1: select * from tbl_jdbcmysql;
                      ^
select * from tbl_jdbcpostgres;
ERROR:  relation "tbl_jdbcpostgres" does not exist
LINE 1: select * from tbl_jdbcpostgres;
                      ^
select * from tbl_jdbcgrid;
ERROR:  relation "tbl_jdbcgrid" does not exist
LINE 1: select * from tbl_jdbcgrid;
                      ^
select * from tbl_postgrest;
ERROR:  relation "tbl_postgrest" does not exist
LINE 1: select * from tbl_postgrest;
                      ^
